<Anims>
 <anim name="idle" root="altar_broken" numframes="1000" framerate="40">
  <frame idx="0" w="863" h="1202" x="-68.469307" y="-384.161926">
   <element name="symbol0" layername="timeline_0" frame="0" z_index="1" m_a="7.183960" m_b="0.000000" m_c="0.000000" m_d="8.017390" m_tx="2.282853" m_ty="-4.589141"/>
  </frame>
  <frame idx="25" w="863" h="1202" x="-68.469307" y="-384.161926">
   <element name="symbol0" layername="timeline_0" frame="0" z_index="1" m_a="7.183960" m_b="0.000000" m_c="0.000000" m_d="8.017390" m_tx="2.282853" m_ty="-4.589141"/>
  </frame>
  <frame idx="50" w="863" h="1202" x="-68.469307" y="-384.161926">
   <element name="symbol0" layername="timeline_0" frame="0" z_index="1" m_a="7.183960" m_b="0.000000" m_c="0.000000" m_d="8.017390" m_tx="2.282853" m_ty="-4.589141"/>
  </frame>
  <frame idx="75" w="863" h="1202" x="-68.469307" y="-384.161926">
   <element name="symbol0" layername="timeline_0" frame="0" z_index="1" m_a="7.183960" m_b="0.000000" m_c="0.000000" m_d="8.017390" m_tx="2.282853" m_ty="-4.589141"/>
  </frame>
  <frame idx="100" w="863" h="1202" x="-68.469307" y="-384.161926">
   <element name="symbol0" layername="timeline_0" frame="0" z_index="1" m_a="7.183960" m_b="0.000000" m_c="0.000000" m_d="8.017390" m_tx="2.282853" m_ty="-4.589141"/>
  </frame>
  <frame idx="125" w="863" h="1202" x="-68.469307" y="-384.161926">
   <element name="symbol0" layername="timeline_0" frame="0" z_index="1" m_a="7.183960" m_b="0.000000" m_c="0.000000" m_d="8.017390" m_tx="2.282853" m_ty="-4.589141"/>
  </frame>
  <frame idx="150" w="863" h="1202" x="-68.469307" y="-384.161926">
   <element name="symbol0" layername="timeline_0" frame="0" z_index="1" m_a="7.183960" m_b="0.000000" m_c="0.000000" m_d="8.017390" m_tx="2.282853" m_ty="-4.589141"/>
  </frame>
  <frame idx="175" w="863" h="1202" x="-68.469307" y="-384.161926">
   <element name="symbol0" layername="timeline_0" frame="0" z_index="1" m_a="7.183960" m_b="0.000000" m_c="0.000000" m_d="8.017390" m_tx="2.282853" m_ty="-4.589141"/>
  </frame>
  <frame idx="200" w="863" h="1202" x="-68.469307" y="-384.161926">
   <element name="symbol0" layername="timeline_0" frame="0" z_index="1" m_a="7.183960" m_b="0.000000" m_c="0.000000" m_d="8.017390" m_tx="2.282853" m_ty="-4.589141"/>
  </frame>
  <frame idx="225" w="863" h="1202" x="-68.469307" y="-384.161926">
   <element name="symbol0" layername="timeline_0" frame="0" z_index="1" m_a="7.183960" m_b="0.000000" m_c="0.000000" m_d="8.017390" m_tx="2.282853" m_ty="-4.589141"/>
  </frame>
  <frame idx="250" w="863" h="1202" x="-68.469307" y="-384.161926">
   <element name="symbol0" layername="timeline_0" frame="0" z_index="1" m_a="7.183960" m_b="0.000000" m_c="0.000000" m_d="8.017390" m_tx="2.282853" m_ty="-4.589141"/>
  </frame>
  <frame idx="275" w="863" h="1202" x="-68.469307" y="-384.161926">
   <element name="symbol0" layername="timeline_0" frame="0" z_index="1" m_a="7.183960" m_b="0.000000" m_c="0.000000" m_d="8.017390" m_tx="2.282853" m_ty="-4.589141"/>
  </frame>
  <frame idx="300" w="863" h="1202" x="-68.469307" y="-384.161926">
   <element name="symbol0" layername="timeline_0" frame="0" z_index="1" m_a="7.183960" m_b="0.000000" m_c="0.000000" m_d="8.017390" m_tx="2.282853" m_ty="-4.589141"/>
  </frame>
  <frame idx="325" w="863" h="1202" x="-68.469307" y="-384.161926">
   <element name="symbol0" layername="timeline_0" frame="0" z_index="1" m_a="7.183960" m_b="0.000000" m_c="0.000000" m_d="8.017390" m_tx="2.282853" m_ty="-4.589141"/>
  </frame>
  <frame idx="350" w="863" h="1202" x="-68.469307" y="-384.161926">
   <element name="symbol0" layername="timeline_0" frame="0" z_index="1" m_a="7.183960" m_b="0.000000" m_c="0.000000" m_d="8.017390" m_tx="2.282853" m_ty="-4.589141"/>
  </frame>
  <frame idx="375" w="863" h="1202" x="-68.469307" y="-384.161926">
   <element name="symbol0" layername="timeline_0" frame="0" z_index="1" m_a="7.183960" m_b="0.000000" m_c="0.000000" m_d="8.017390" m_tx="2.282853" m_ty="-4.589141"/>
  </frame>
  <frame idx="400" w="863" h="1202" x="-68.469307" y="-384.161926">
   <element name="symbol0" layername="timeline_0" frame="0" z_index="1" m_a="7.183960" m_b="0.000000" m_c="0.000000" m_d="8.017390" m_tx="2.282853" m_ty="-4.589141"/>
  </frame>
  <frame idx="425" w="863" h="1202" x="-68.469307" y="-384.161926">
   <element name="symbol0" layername="timeline_0" frame="0" z_index="1" m_a="7.183960" m_b="0.000000" m_c="0.000000" m_d="8.017390" m_tx="2.282853" m_ty="-4.589141"/>
  </frame>
  <frame idx="450" w="863" h="1202" x="-68.469307" y="-384.161926">
   <element name="symbol0" layername="timeline_0" frame="0" z_index="1" m_a="7.183960" m_b="0.000000" m_c="0.000000" m_d="8.017390" m_tx="2.282853" m_ty="-4.589141"/>
  </frame>
  <frame idx="475" w="863" h="1202" x="-68.469307" y="-384.161926">
   <element name="symbol0" layername="timeline_0" frame="0" z_index="1" m_a="7.183960" m_b="0.000000" m_c="0.000000" m_d="8.017390" m_tx="2.282853" m_ty="-4.589141"/>
  </frame>
  <frame idx="500" w="863" h="1202" x="-68.469307" y="-384.161926">
   <element name="symbol0" layername="timeline_0" frame="0" z_index="1" m_a="7.183960" m_b="0.000000" m_c="0.000000" m_d="8.017390" m_tx="2.282853" m_ty="-4.589141"/>
  </frame>
  <frame idx="525" w="863" h="1202" x="-68.469307" y="-384.161926">
   <element name="symbol0" layername="timeline_0" frame="0" z_index="1" m_a="7.183960" m_b="0.000000" m_c="0.000000" m_d="8.017390" m_tx="2.282853" m_ty="-4.589141"/>
  </frame>
  <frame idx="550" w="863" h="1202" x="-68.469307" y="-384.161926">
   <element name="symbol0" layername="timeline_0" frame="0" z_index="1" m_a="7.183960" m_b="0.000000" m_c="0.000000" m_d="8.017390" m_tx="2.282853" m_ty="-4.589141"/>
  </frame>
  <frame idx="575" w="863" h="1202" x="-68.469307" y="-384.161926">
   <element name="symbol0" layername="timeline_0" frame="0" z_index="1" m_a="7.183960" m_b="0.000000" m_c="0.000000" m_d="8.017390" m_tx="2.282853" m_ty="-4.589141"/>
  </frame>
  <frame idx="600" w="863" h="1202" x="-68.469307" y="-384.161926">
   <element name="symbol0" layername="timeline_0" frame="0" z_index="1" m_a="7.183960" m_b="0.000000" m_c="0.000000" m_d="8.017390" m_tx="2.282853" m_ty="-4.589141"/>
  </frame>
  <frame idx="625" w="863" h="1202" x="-68.469307" y="-384.161926">
   <element name="symbol0" layername="timeline_0" frame="0" z_index="1" m_a="7.183960" m_b="0.000000" m_c="0.000000" m_d="8.017390" m_tx="2.282853" m_ty="-4.589141"/>
  </frame>
  <frame idx="650" w="863" h="1202" x="-68.469307" y="-384.161926">
   <element name="symbol0" layername="timeline_0" frame="0" z_index="1" m_a="7.183960" m_b="0.000000" m_c="0.000000" m_d="8.017390" m_tx="2.282853" m_ty="-4.589141"/>
  </frame>
  <frame idx="675" w="863" h="1202" x="-68.469307" y="-384.161926">
   <element name="symbol0" layername="timeline_0" frame="0" z_index="1" m_a="7.183960" m_b="0.000000" m_c="0.000000" m_d="8.017390" m_tx="2.282853" m_ty="-4.589141"/>
  </frame>
  <frame idx="700" w="863" h="1202" x="-68.469307" y="-384.161926">
   <element name="symbol0" layername="timeline_0" frame="0" z_index="1" m_a="7.183960" m_b="0.000000" m_c="0.000000" m_d="8.017390" m_tx="2.282853" m_ty="-4.589141"/>
  </frame>
  <frame idx="725" w="863" h="1202" x="-68.469307" y="-384.161926">
   <element name="symbol0" layername="timeline_0" frame="0" z_index="1" m_a="7.183960" m_b="0.000000" m_c="0.000000" m_d="8.017390" m_tx="2.282853" m_ty="-4.589141"/>
  </frame>
  <frame idx="750" w="863" h="1202" x="-68.469307" y="-384.161926">
   <element name="symbol0" layername="timeline_0" frame="0" z_index="1" m_a="7.183960" m_b="0.000000" m_c="0.000000" m_d="8.017390" m_tx="2.282853" m_ty="-4.589141"/>
  </frame>
  <frame idx="775" w="863" h="1202" x="-68.469307" y="-384.161926">
   <element name="symbol0" layername="timeline_0" frame="0" z_index="1" m_a="7.183960" m_b="0.000000" m_c="0.000000" m_d="8.017390" m_tx="2.282853" m_ty="-4.589141"/>
  </frame>
  <frame idx="800" w="863" h="1202" x="-68.469307" y="-384.161926">
   <element name="symbol0" layername="timeline_0" frame="0" z_index="1" m_a="7.183960" m_b="0.000000" m_c="0.000000" m_d="8.017390" m_tx="2.282853" m_ty="-4.589141"/>
  </frame>
  <frame idx="825" w="863" h="1202" x="-68.469307" y="-384.161926">
   <element name="symbol0" layername="timeline_0" frame="0" z_index="1" m_a="7.183960" m_b="0.000000" m_c="0.000000" m_d="8.017390" m_tx="2.282853" m_ty="-4.589141"/>
  </frame>
  <frame idx="850" w="863" h="1202" x="-68.469307" y="-384.161926">
   <element name="symbol0" layername="timeline_0" frame="0" z_index="1" m_a="7.183960" m_b="0.000000" m_c="0.000000" m_d="8.017390" m_tx="2.282853" m_ty="-4.589141"/>
  </frame>
  <frame idx="875" w="863" h="1202" x="-68.469307" y="-384.161926">
   <element name="symbol0" layername="timeline_0" frame="0" z_index="1" m_a="7.183960" m_b="0.000000" m_c="0.000000" m_d="8.017390" m_tx="2.282853" m_ty="-4.589141"/>
  </frame>
  <frame idx="900" w="863" h="1202" x="-68.469307" y="-384.161926">
   <element name="symbol0" layername="timeline_0" frame="0" z_index="1" m_a="7.183960" m_b="0.000000" m_c="0.000000" m_d="8.017390" m_tx="2.282853" m_ty="-4.589141"/>
  </frame>
  <frame idx="925" w="863" h="1202" x="-68.469307" y="-384.161926">
   <element name="symbol0" layername="timeline_0" frame="0" z_index="1" m_a="7.183960" m_b="0.000000" m_c="0.000000" m_d="8.017390" m_tx="2.282853" m_ty="-4.589141"/>
  </frame>
  <frame idx="950" w="863" h="1202" x="-68.469307" y="-384.161926">
   <element name="symbol0" layername="timeline_0" frame="0" z_index="1" m_a="7.183960" m_b="0.000000" m_c="0.000000" m_d="8.017390" m_tx="2.282853" m_ty="-4.589141"/>
  </frame>
  <frame idx="975" w="863" h="1202" x="-68.469307" y="-384.161926">
   <element name="symbol0" layername="timeline_0" frame="0" z_index="1" m_a="7.183960" m_b="0.000000" m_c="0.000000" m_d="8.017390" m_tx="2.282853" m_ty="-4.589141"/>
  </frame>
 </anim>
</Anims>
