<Anims>
 <anim name="burnt" root="rotbox" numframes="350" framerate="40">
  <frame idx="0" w="294" h="429" x="-28.498512" y="-132.748596">
   <element name="shadow" layername="timeline_0" frame="0" z_index="17" m_a="0.999938" m_b="0.013543" m_c="-0.018511" m_d="1.366735" m_tx="-4.649000" m_ty="21.350000"/>
   <element name="base" layername="timeline_1" frame="1" z_index="16" m_a="1.000000" m_b="0.000000" m_c="0.000000" m_d="1.000000" m_tx="-9.499000" m_ty="-106.198997"/>
  </frame>
  <frame idx="25" w="294" h="429" x="-28.498512" y="-132.748596">
   <element name="shadow" layername="timeline_0" frame="0" z_index="17" m_a="0.999938" m_b="0.013543" m_c="-0.018511" m_d="1.366735" m_tx="-4.649000" m_ty="21.350000"/>
   <element name="base" layername="timeline_1" frame="1" z_index="16" m_a="1.000000" m_b="0.000000" m_c="0.000000" m_d="1.000000" m_tx="-9.499000" m_ty="-106.198997"/>
  </frame>
  <frame idx="50" w="294" h="429" x="-28.498512" y="-132.748596">
   <element name="shadow" layername="timeline_0" frame="0" z_index="17" m_a="0.999938" m_b="0.013543" m_c="-0.018511" m_d="1.366735" m_tx="-4.649000" m_ty="21.350000"/>
   <element name="base" layername="timeline_1" frame="1" z_index="16" m_a="1.000000" m_b="0.000000" m_c="0.000000" m_d="1.000000" m_tx="-9.499000" m_ty="-106.198997"/>
  </frame>
  <frame idx="75" w="294" h="429" x="-28.498512" y="-132.748596">
   <element name="shadow" layername="timeline_0" frame="0" z_index="17" m_a="0.999938" m_b="0.013543" m_c="-0.018511" m_d="1.366735" m_tx="-4.649000" m_ty="21.350000"/>
   <element name="base" layername="timeline_1" frame="1" z_index="16" m_a="1.000000" m_b="0.000000" m_c="0.000000" m_d="1.000000" m_tx="-9.499000" m_ty="-106.198997"/>
  </frame>
  <frame idx="100" w="294" h="429" x="-28.498512" y="-132.748596">
   <element name="shadow" layername="timeline_0" frame="0" z_index="17" m_a="0.999938" m_b="0.013543" m_c="-0.018511" m_d="1.366735" m_tx="-4.649000" m_ty="21.350000"/>
   <element name="base" layername="timeline_1" frame="1" z_index="16" m_a="1.000000" m_b="0.000000" m_c="0.000000" m_d="1.000000" m_tx="-9.499000" m_ty="-106.198997"/>
  </frame>
  <frame idx="125" w="294" h="429" x="-28.498512" y="-132.748596">
   <element name="shadow" layername="timeline_0" frame="0" z_index="17" m_a="0.999938" m_b="0.013543" m_c="-0.018511" m_d="1.366735" m_tx="-4.649000" m_ty="21.350000"/>
   <element name="base" layername="timeline_1" frame="1" z_index="16" m_a="1.000000" m_b="0.000000" m_c="0.000000" m_d="1.000000" m_tx="-9.499000" m_ty="-106.198997"/>
  </frame>
  <frame idx="150" w="294" h="429" x="-28.498512" y="-132.748596">
   <element name="shadow" layername="timeline_0" frame="0" z_index="17" m_a="0.999938" m_b="0.013543" m_c="-0.018511" m_d="1.366735" m_tx="-4.649000" m_ty="21.350000"/>
   <element name="base" layername="timeline_1" frame="1" z_index="16" m_a="1.000000" m_b="0.000000" m_c="0.000000" m_d="1.000000" m_tx="-9.499000" m_ty="-106.198997"/>
  </frame>
  <frame idx="175" w="294" h="429" x="-28.498512" y="-132.748596">
   <element name="shadow" layername="timeline_0" frame="0" z_index="17" m_a="0.999938" m_b="0.013543" m_c="-0.018511" m_d="1.366735" m_tx="-4.649000" m_ty="21.350000"/>
   <element name="base" layername="timeline_1" frame="1" z_index="16" m_a="1.000000" m_b="0.000000" m_c="0.000000" m_d="1.000000" m_tx="-9.499000" m_ty="-106.198997"/>
  </frame>
  <frame idx="200" w="294" h="429" x="-28.498512" y="-132.748596">
   <element name="shadow" layername="timeline_0" frame="0" z_index="17" m_a="0.999938" m_b="0.013543" m_c="-0.018511" m_d="1.366735" m_tx="-4.649000" m_ty="21.350000"/>
   <element name="base" layername="timeline_1" frame="1" z_index="16" m_a="1.000000" m_b="0.000000" m_c="0.000000" m_d="1.000000" m_tx="-9.499000" m_ty="-106.198997"/>
  </frame>
  <frame idx="225" w="294" h="429" x="-28.498512" y="-132.748596">
   <element name="shadow" layername="timeline_0" frame="0" z_index="17" m_a="0.999938" m_b="0.013543" m_c="-0.018511" m_d="1.366735" m_tx="-4.649000" m_ty="21.350000"/>
   <element name="base" layername="timeline_1" frame="1" z_index="16" m_a="1.000000" m_b="0.000000" m_c="0.000000" m_d="1.000000" m_tx="-9.499000" m_ty="-106.198997"/>
  </frame>
  <frame idx="250" w="294" h="429" x="-28.498512" y="-132.748596">
   <element name="shadow" layername="timeline_0" frame="0" z_index="17" m_a="0.999938" m_b="0.013543" m_c="-0.018511" m_d="1.366735" m_tx="-4.649000" m_ty="21.350000"/>
   <element name="base" layername="timeline_1" frame="1" z_index="16" m_a="1.000000" m_b="0.000000" m_c="0.000000" m_d="1.000000" m_tx="-9.499000" m_ty="-106.198997"/>
  </frame>
  <frame idx="275" w="294" h="429" x="-28.498512" y="-132.748596">
   <element name="shadow" layername="timeline_0" frame="0" z_index="17" m_a="0.999938" m_b="0.013543" m_c="-0.018511" m_d="1.366735" m_tx="-4.649000" m_ty="21.350000"/>
   <element name="base" layername="timeline_1" frame="1" z_index="16" m_a="1.000000" m_b="0.000000" m_c="0.000000" m_d="1.000000" m_tx="-9.499000" m_ty="-106.198997"/>
  </frame>
  <frame idx="300" w="294" h="429" x="-28.498512" y="-132.748596">
   <element name="shadow" layername="timeline_0" frame="0" z_index="17" m_a="0.999938" m_b="0.013543" m_c="-0.018511" m_d="1.366735" m_tx="-4.649000" m_ty="21.350000"/>
   <element name="base" layername="timeline_1" frame="1" z_index="16" m_a="1.000000" m_b="0.000000" m_c="0.000000" m_d="1.000000" m_tx="-9.499000" m_ty="-106.198997"/>
  </frame>
  <frame idx="325" w="294" h="429" x="-28.498512" y="-132.748596">
   <element name="shadow" layername="timeline_0" frame="0" z_index="17" m_a="0.999938" m_b="0.013543" m_c="-0.018511" m_d="1.366735" m_tx="-4.649000" m_ty="21.350000"/>
   <element name="base" layername="timeline_1" frame="1" z_index="16" m_a="1.000000" m_b="0.000000" m_c="0.000000" m_d="1.000000" m_tx="-9.499000" m_ty="-106.198997"/>
  </frame>
 </anim>
 <anim name="close" root="rotbox" numframes="325" framerate="40">
  <frame idx="0" w="308" h="441" x="-40.521942" y="-140.206451">
   <element name="shadow" layername="timeline_0" frame="0" z_index="17" m_a="0.999938" m_b="0.013543" m_c="-0.018511" m_d="1.366735" m_tx="-4.649000" m_ty="21.350000"/>
   <element name="base" layername="timeline_1" frame="0" z_index="16" m_a="1.005200" m_b="0.000000" m_c="0.000000" m_d="0.996872" m_tx="-9.449000" m_ty="-105.749001"/>
   <element name="door" layername="timeline_2" frame="1" z_index="15" m_a="0.727036" m_b="0.000178" m_c="-0.000245" m_d="1.001460" m_tx="-73.049004" m_ty="-98.598999"/>
  </frame>
  <frame idx="25" w="306" h="439" x="-38.900826" y="-139.268188">
   <element name="shadow" layername="timeline_0" frame="0" z_index="17" m_a="0.999938" m_b="0.013543" m_c="-0.018511" m_d="1.366735" m_tx="-4.649000" m_ty="21.350000"/>
   <element name="base" layername="timeline_1" frame="0" z_index="16" m_a="1.016700" m_b="0.000000" m_c="0.000000" m_d="0.989961" m_tx="-9.412235" m_ty="-104.793114"/>
   <element name="door" layername="timeline_2" frame="1" z_index="15" m_a="0.752381" m_b="0.000164" m_c="-0.000217" m_d="0.994229" m_tx="-73.968124" m_ty="-97.643120"/>
  </frame>
  <frame idx="50" w="304" h="434" x="-37.140816" y="-137.383102">
   <element name="shadow" layername="timeline_0" frame="0" z_index="17" m_a="0.999938" m_b="0.013543" m_c="-0.018511" m_d="1.366735" m_tx="-4.649000" m_ty="21.350000"/>
   <element name="base" layername="timeline_1" frame="0" z_index="16" m_a="1.033466" m_b="0.000000" m_c="0.000000" m_d="0.979882" m_tx="-9.326273" m_ty="-103.382332"/>
   <element name="door" layername="timeline_2" frame="1" z_index="15" m_a="0.789197" m_b="0.000132" m_c="-0.000164" m_d="0.983720" m_tx="-75.171730" m_ty="-96.353546"/>
  </frame>
  <frame idx="75" w="302" h="427" x="-34.766617" y="-135.044510">
   <element name="shadow" layername="timeline_0" frame="0" z_index="17" m_a="0.999938" m_b="0.013543" m_c="-0.018511" m_d="1.366735" m_tx="-4.649000" m_ty="21.350000"/>
   <element name="base" layername="timeline_1" frame="0" z_index="16" m_a="1.055719" m_b="0.000000" m_c="0.000000" m_d="0.966501" m_tx="-9.212636" m_ty="-101.509605"/>
   <element name="door" layername="timeline_2" frame="1" z_index="15" m_a="0.838039" m_b="0.000099" m_c="-0.000114" m_d="0.969761" m_tx="-76.729301" m_ty="-94.633850"/>
  </frame>
  <frame idx="100" w="298" h="419" x="-31.931808" y="-131.776276">
   <element name="shadow" layername="timeline_0" frame="0" z_index="17" m_a="0.999938" m_b="0.013543" m_c="-0.018511" m_d="1.366735" m_tx="-4.649000" m_ty="21.350000"/>
   <element name="base" layername="timeline_1" frame="0" z_index="16" m_a="1.083340" m_b="0.000000" m_c="0.000000" m_d="0.949890" m_tx="-9.099000" m_ty="-99.198997"/>
   <element name="door" layername="timeline_2" frame="1" z_index="15" m_a="0.898727" m_b="0.000094" m_c="-0.000100" m_d="0.952392" m_tx="-78.698997" m_ty="-92.399002"/>
  </frame>
  <frame idx="125" w="322" h="397" x="-30.812250" y="-123.026039">
   <element name="shadow" layername="timeline_0" frame="0" z_index="17" m_a="0.999938" m_b="0.013543" m_c="-0.018511" m_d="1.366735" m_tx="-4.649000" m_ty="21.350000"/>
   <element name="base" layername="timeline_1" frame="0" z_index="16" m_a="1.172509" m_b="0.000000" m_c="0.000000" m_d="0.895205" m_tx="-6.157824" m_ty="-91.809296"/>
   <element name="door" layername="timeline_2" frame="1" z_index="15" m_a="1.072531" m_b="0.000029" m_c="-0.000025" m_d="0.896612" m_tx="-82.988869" m_ty="-85.422829"/>
  </frame>
  <frame idx="150" w="322" h="398" x="-30.236862" y="-123.269966">
   <element name="shadow" layername="timeline_0" frame="0" z_index="17" m_a="0.999938" m_b="0.013543" m_c="-0.018511" m_d="1.366735" m_tx="-4.649000" m_ty="21.350000"/>
   <element name="base" layername="timeline_1" frame="0" z_index="16" m_a="1.173216" m_b="0.000000" m_c="0.000000" m_d="0.897114" m_tx="-5.583848" m_ty="-92.058090"/>
   <element name="door" layername="timeline_2" frame="0" z_index="15" m_a="1.112181" m_b="0.000000" m_c="0.000000" m_d="0.897848" m_tx="-83.492538" m_ty="-85.626381"/>
  </frame>
  <frame idx="175" w="300" h="423" x="-29.664442" y="-132.607620">
   <element name="shadow" layername="timeline_0" frame="0" z_index="17" m_a="0.999938" m_b="0.013543" m_c="-0.018511" m_d="1.366735" m_tx="-4.649000" m_ty="21.350000"/>
   <element name="base" layername="timeline_1" frame="0" z_index="16" m_a="1.092778" m_b="0.000000" m_c="0.000000" m_d="0.952450" m_tx="-6.850515" m_ty="-99.536880"/>
   <element name="door" layername="timeline_2" frame="0" z_index="15" m_a="1.053362" m_b="0.000000" m_c="0.000000" m_d="0.952782" m_tx="-80.909264" m_ty="-92.687790"/>
  </frame>
  <frame idx="200" w="299" h="469" x="-32.307259" y="-150.061584">
   <element name="shadow" layername="timeline_0" frame="0" z_index="17" m_a="0.999938" m_b="0.013543" m_c="-0.018511" m_d="1.366735" m_tx="-4.649000" m_ty="21.350000"/>
   <element name="base" layername="timeline_1" frame="0" z_index="16" m_a="0.945648" m_b="0.000000" m_c="0.000000" m_d="1.053670" m_tx="-9.199000" m_ty="-113.249001"/>
   <element name="door" layername="timeline_2" frame="0" z_index="15" m_a="0.945648" m_b="0.000000" m_c="0.000000" m_d="1.053670" m_tx="-76.135406" m_ty="-105.730705"/>
  </frame>
  <frame idx="225" w="299" h="460" x="-32.382584" y="-146.826218">
   <element name="shadow" layername="timeline_0" frame="0" z_index="17" m_a="0.999938" m_b="0.013543" m_c="-0.018511" m_d="1.366735" m_tx="-4.649000" m_ty="21.350000"/>
   <element name="base" layername="timeline_1" frame="0" z_index="16" m_a="0.963128" m_b="0.000000" m_c="0.000000" m_d="1.036398" m_tx="-9.309294" m_ty="-110.969589"/>
   <element name="door" layername="timeline_2" frame="0" z_index="15" m_a="0.963128" m_b="0.000000" m_c="0.000000" m_d="1.036398" m_tx="-77.459709" m_ty="-103.596191"/>
  </frame>
  <frame idx="250" w="299" h="454" x="-32.417454" y="-144.451324">
   <element name="shadow" layername="timeline_0" frame="0" z_index="17" m_a="0.999938" m_b="0.013543" m_c="-0.018511" m_d="1.366735" m_tx="-4.649000" m_ty="21.350000"/>
   <element name="base" layername="timeline_1" frame="0" z_index="16" m_a="0.977663" m_b="0.000000" m_c="0.000000" m_d="1.022049" m_tx="-9.373242" m_ty="-109.058090"/>
   <element name="door" layername="timeline_2" frame="0" z_index="15" m_a="0.977663" m_b="0.000000" m_c="0.000000" m_d="1.022049" m_tx="-78.581070" m_ty="-101.808571"/>
  </frame>
  <frame idx="275" w="299" h="448" x="-32.445000" y="-142.517441">
   <element name="shadow" layername="timeline_0" frame="0" z_index="17" m_a="0.999938" m_b="0.013543" m_c="-0.018511" m_d="1.366735" m_tx="-4.649000" m_ty="21.350000"/>
   <element name="base" layername="timeline_1" frame="0" z_index="16" m_a="0.988887" m_b="0.000000" m_c="0.000000" m_d="1.010974" m_tx="-9.423243" m_ty="-107.595970"/>
   <element name="door" layername="timeline_2" frame="0" z_index="15" m_a="0.988887" m_b="0.000000" m_c="0.000000" m_d="1.010974" m_tx="-79.449600" m_ty="-100.422333"/>
  </frame>
  <frame idx="300" w="299" h="445" x="-32.505333" y="-141.589905">
   <element name="shadow" layername="timeline_0" frame="0" z_index="17" m_a="0.999938" m_b="0.013543" m_c="-0.018511" m_d="1.366735" m_tx="-4.649000" m_ty="21.350000"/>
   <element name="base" layername="timeline_1" frame="0" z_index="16" m_a="0.996597" m_b="0.000000" m_c="0.000000" m_d="1.003360" m_tx="-9.499000" m_ty="-106.649002"/>
   <element name="door" layername="timeline_2" frame="0" z_index="15" m_a="0.996597" m_b="0.000000" m_c="0.000000" m_d="1.003360" m_tx="-80.023445" m_ty="-99.474419"/>
  </frame>
 </anim>
 <anim name="closed" root="rotbox" numframes="100" framerate="40">
  <frame idx="0" w="299" h="443" x="-32.498528" y="-140.648468">
   <element name="shadow" layername="timeline_0" frame="0" z_index="17" m_a="0.999938" m_b="0.013543" m_c="-0.018511" m_d="1.366735" m_tx="-4.649000" m_ty="21.350000"/>
   <element name="base" layername="timeline_1" frame="0" z_index="16" m_a="1.000000" m_b="0.000000" m_c="0.000000" m_d="1.000000" m_tx="-9.499000" m_ty="-106.198997"/>
   <element name="door" layername="timeline_2" frame="0" z_index="15" m_a="1.000000" m_b="0.000000" m_c="0.000000" m_d="1.000000" m_tx="-69.749001" m_ty="-98.948997"/>
  </frame>
  <frame idx="25" w="299" h="443" x="-32.498528" y="-140.648468">
   <element name="shadow" layername="timeline_0" frame="0" z_index="17" m_a="0.999938" m_b="0.013543" m_c="-0.018511" m_d="1.366735" m_tx="-4.649000" m_ty="21.350000"/>
   <element name="base" layername="timeline_1" frame="0" z_index="16" m_a="1.000000" m_b="0.000000" m_c="0.000000" m_d="1.000000" m_tx="-9.499000" m_ty="-106.198997"/>
   <element name="door" layername="timeline_2" frame="0" z_index="15" m_a="1.000000" m_b="0.000000" m_c="0.000000" m_d="1.000000" m_tx="-69.749001" m_ty="-98.948997"/>
  </frame>
  <frame idx="50" w="299" h="443" x="-32.498528" y="-140.648468">
   <element name="shadow" layername="timeline_0" frame="0" z_index="17" m_a="0.999938" m_b="0.013543" m_c="-0.018511" m_d="1.366735" m_tx="-4.649000" m_ty="21.350000"/>
   <element name="base" layername="timeline_1" frame="0" z_index="16" m_a="1.000000" m_b="0.000000" m_c="0.000000" m_d="1.000000" m_tx="-9.499000" m_ty="-106.198997"/>
   <element name="door" layername="timeline_2" frame="0" z_index="15" m_a="1.000000" m_b="0.000000" m_c="0.000000" m_d="1.000000" m_tx="-69.749001" m_ty="-98.948997"/>
  </frame>
  <frame idx="75" w="299" h="443" x="-32.498528" y="-140.648468">
   <element name="shadow" layername="timeline_0" frame="0" z_index="17" m_a="0.999938" m_b="0.013543" m_c="-0.018511" m_d="1.366735" m_tx="-4.649000" m_ty="21.350000"/>
   <element name="base" layername="timeline_1" frame="0" z_index="16" m_a="1.000000" m_b="0.000000" m_c="0.000000" m_d="1.000000" m_tx="-9.499000" m_ty="-106.198997"/>
   <element name="door" layername="timeline_2" frame="0" z_index="15" m_a="1.000000" m_b="0.000000" m_c="0.000000" m_d="1.000000" m_tx="-69.749001" m_ty="-98.948997"/>
  </frame>
 </anim>
 <anim name="hit" root="rotbox" numframes="325" framerate="40">
  <frame idx="0" w="305" h="427" x="-38.491089" y="-139.886841">
   <element name="shadow" layername="timeline_0" frame="0" z_index="17" m_a="0.999938" m_b="0.013543" m_c="-0.018511" m_d="1.366735" m_tx="-4.649000" m_ty="21.350000"/>
   <element name="base" layername="timeline_1" frame="0" z_index="16" m_a="1.000002" m_b="-0.042160" m_c="0.042123" m_d="0.999112" m_tx="-15.099000" m_ty="-106.198997"/>
   <element name="door" layername="timeline_2" frame="0" z_index="15" m_a="1.000002" m_b="-0.042160" m_c="0.042123" m_d="0.999112" m_tx="-75.049004" m_ty="-98.948997"/>
  </frame>
  <frame idx="25" w="302" h="439" x="-34.817932" y="-140.670959">
   <element name="shadow" layername="timeline_0" frame="0" z_index="17" m_a="0.999938" m_b="0.013543" m_c="-0.018511" m_d="1.366735" m_tx="-4.649000" m_ty="21.350000"/>
   <element name="base" layername="timeline_1" frame="0" z_index="16" m_a="1.000165" m_b="-0.011862" m_c="0.011866" m_d="1.000481" m_tx="-11.349000" m_ty="-106.198997"/>
   <element name="door" layername="timeline_2" frame="0" z_index="15" m_a="1.000165" m_b="-0.011862" m_c="0.011866" m_d="1.000481" m_tx="-71.446060" m_ty="-98.912239"/>
  </frame>
  <frame idx="50" w="297" h="449" x="-30.566891" y="-141.115341">
   <element name="shadow" layername="timeline_0" frame="0" z_index="17" m_a="0.999938" m_b="0.013543" m_c="-0.018511" m_d="1.366735" m_tx="-4.649000" m_ty="21.350000"/>
   <element name="base" layername="timeline_1" frame="0" z_index="16" m_a="1.000154" m_b="0.016231" m_c="-0.016232" m_d="1.000255" m_tx="-7.526272" m_ty="-106.198997"/>
   <element name="door" layername="timeline_2" frame="0" z_index="15" m_a="1.000154" m_b="0.016231" m_c="-0.016232" m_d="1.000255" m_tx="-67.845970" m_ty="-98.923241"/>
  </frame>
  <frame idx="75" w="296" h="453" x="-29.496016" y="-141.590424">
   <element name="shadow" layername="timeline_0" frame="0" z_index="17" m_a="0.999938" m_b="0.013543" m_c="-0.018511" m_d="1.366735" m_tx="-4.649000" m_ty="21.350000"/>
   <element name="base" layername="timeline_1" frame="0" z_index="16" m_a="1.000206" m_b="0.022943" m_c="-0.022939" m_d="1.000006" m_tx="-6.438394" m_ty="-106.186874"/>
   <element name="door" layername="timeline_2" frame="0" z_index="15" m_a="1.000206" m_b="0.022943" m_c="-0.022939" m_d="1.000006" m_tx="-66.853546" m_ty="-98.948997"/>
  </frame>
  <frame idx="100" w="302" h="439" x="-34.714897" y="-140.622192">
   <element name="shadow" layername="timeline_0" frame="0" z_index="17" m_a="0.999938" m_b="0.013543" m_c="-0.018511" m_d="1.366735" m_tx="-4.649000" m_ty="21.350000"/>
   <element name="base" layername="timeline_1" frame="0" z_index="16" m_a="1.000003" m_b="-0.013169" m_c="0.013182" m_d="1.001023" m_tx="-11.249000" m_ty="-106.149002"/>
   <element name="door" layername="timeline_2" frame="0" z_index="15" m_a="1.000003" m_b="-0.013169" m_c="0.013182" m_d="1.001023" m_tx="-71.399002" m_ty="-98.948997"/>
  </frame>
  <frame idx="125" w="306" h="425" x="-39.330212" y="-139.940216">
   <element name="shadow" layername="timeline_0" frame="0" z_index="17" m_a="0.999938" m_b="0.013543" m_c="-0.018511" m_d="1.366735" m_tx="-4.649000" m_ty="21.350000"/>
   <element name="base" layername="timeline_1" frame="0" z_index="16" m_a="1.000228" m_b="-0.048570" m_c="0.048516" m_d="0.999117" m_tx="-15.954883" m_ty="-106.185760"/>
   <element name="door" layername="timeline_2" frame="0" z_index="15" m_a="1.000228" m_b="-0.048570" m_c="0.048516" m_d="0.999117" m_tx="-75.847527" m_ty="-98.948997"/>
  </frame>
  <frame idx="150" w="308" h="424" x="-40.306290" y="-140.152390">
   <element name="shadow" layername="timeline_0" frame="0" z_index="17" m_a="0.999938" m_b="0.013543" m_c="-0.018511" m_d="1.366735" m_tx="-4.649000" m_ty="21.350000"/>
   <element name="base" layername="timeline_1" frame="0" z_index="16" m_a="1.000055" m_b="-0.051032" m_c="0.050971" m_d="0.998870" m_tx="-16.436878" m_ty="-106.198997"/>
   <element name="door" layername="timeline_2" frame="0" z_index="15" m_a="1.000055" m_b="-0.051032" m_c="0.050971" m_d="0.998870" m_tx="-76.309601" m_ty="-98.948997"/>
  </frame>
  <frame idx="175" w="305" h="429" x="-38.057724" y="-139.722870">
   <element name="shadow" layername="timeline_0" frame="0" z_index="17" m_a="0.999938" m_b="0.013543" m_c="-0.018511" m_d="1.366735" m_tx="-4.649000" m_ty="21.350000"/>
   <element name="base" layername="timeline_1" frame="0" z_index="16" m_a="1.000014" m_b="-0.036791" m_c="0.036779" m_d="0.999686" m_tx="-14.652030" m_ty="-106.198997"/>
   <element name="door" layername="timeline_2" frame="0" z_index="15" m_a="1.000014" m_b="-0.036791" m_c="0.036779" m_d="0.999686" m_tx="-74.626274" m_ty="-98.948997"/>
  </frame>
  <frame idx="200" w="303" h="433" x="-36.531067" y="-140.201233">
   <element name="shadow" layername="timeline_0" frame="0" z_index="17" m_a="0.999938" m_b="0.013543" m_c="-0.018511" m_d="1.366735" m_tx="-4.649000" m_ty="21.350000"/>
   <element name="base" layername="timeline_1" frame="0" z_index="16" m_a="1.000000" m_b="-0.026448" m_c="0.026450" m_d="1.000050" m_tx="-13.099000" m_ty="-106.198997"/>
   <element name="door" layername="timeline_2" frame="0" z_index="15" m_a="1.000000" m_b="-0.026448" m_c="0.026450" m_d="1.000050" m_tx="-73.149002" m_ty="-98.948997"/>
  </frame>
  <frame idx="225" w="302" h="436" x="-35.415356" y="-140.181976">
   <element name="shadow" layername="timeline_0" frame="0" z_index="17" m_a="0.999938" m_b="0.013543" m_c="-0.018511" m_d="1.366735" m_tx="-4.649000" m_ty="21.350000"/>
   <element name="base" layername="timeline_1" frame="0" z_index="16" m_a="1.000014" m_b="-0.017028" m_c="0.017031" m_d="1.000211" m_tx="-11.959294" m_ty="-106.198997"/>
   <element name="door" layername="timeline_2" frame="0" z_index="15" m_a="1.000014" m_b="-0.017028" m_c="0.017031" m_d="1.000211" m_tx="-72.046059" m_ty="-98.948997"/>
  </frame>
  <frame idx="250" w="300" h="440" x="-33.942623" y="-140.666779">
   <element name="shadow" layername="timeline_0" frame="0" z_index="17" m_a="0.999938" m_b="0.013543" m_c="-0.018511" m_d="1.366735" m_tx="-4.649000" m_ty="21.350000"/>
   <element name="base" layername="timeline_1" frame="0" z_index="16" m_a="1.000007" m_b="-0.009436" m_c="0.009438" m_d="1.000218" m_tx="-10.967181" m_ty="-106.198997"/>
   <element name="door" layername="timeline_2" frame="0" z_index="15" m_a="1.000007" m_b="-0.009436" m_c="0.009438" m_d="1.000218" m_tx="-71.115669" m_ty="-98.948997"/>
  </frame>
  <frame idx="275" w="300" h="441" x="-33.193199" y="-140.655853">
   <element name="shadow" layername="timeline_0" frame="0" z_index="17" m_a="0.999938" m_b="0.013543" m_c="-0.018511" m_d="1.366735" m_tx="-4.649000" m_ty="21.350000"/>
   <element name="base" layername="timeline_1" frame="0" z_index="16" m_a="1.000000" m_b="-0.003871" m_c="0.003872" m_d="1.000136" m_tx="-10.203546" m_ty="-106.198997"/>
   <element name="door" layername="timeline_2" frame="0" z_index="15" m_a="1.000000" m_b="-0.003871" m_c="0.003872" m_d="1.000136" m_tx="-70.391426" m_ty="-98.948997"/>
  </frame>
  <frame idx="300" w="299" h="443" x="-32.747437" y="-140.649231">
   <element name="shadow" layername="timeline_0" frame="0" z_index="17" m_a="0.999938" m_b="0.013543" m_c="-0.018511" m_d="1.366735" m_tx="-4.649000" m_ty="21.350000"/>
   <element name="base" layername="timeline_1" frame="0" z_index="16" m_a="1.000000" m_b="-0.000427" m_c="0.000427" m_d="1.000030" m_tx="-9.749000" m_ty="-106.198997"/>
   <element name="door" layername="timeline_2" frame="0" z_index="15" m_a="1.000000" m_b="-0.000427" m_c="0.000427" m_d="1.000030" m_tx="-69.899002" m_ty="-98.948997"/>
  </frame>
 </anim>
 <anim name="open" root="rotbox" numframes="200" framerate="40">
  <frame idx="0" w="297" h="422" x="-30.785408" y="-131.645111">
   <element name="shadow" layername="timeline_0" frame="0" z_index="17" m_a="0.999938" m_b="0.013543" m_c="-0.018511" m_d="1.366735" m_tx="-4.649000" m_ty="21.350000"/>
   <element name="base" layername="timeline_1" frame="0" z_index="16" m_a="1.081540" m_b="0.000000" m_c="0.000000" m_d="0.942505" m_tx="-7.949000" m_ty="-98.549004"/>
   <element name="door" layername="timeline_2" frame="0" z_index="15" m_a="1.081540" m_b="0.000000" m_c="0.000000" m_d="0.942505" m_tx="-73.098999" m_ty="-91.749001"/>
  </frame>
  <frame idx="25" w="306" h="409" x="-31.912333" y="-128.294403">
   <element name="shadow" layername="timeline_0" frame="0" z_index="17" m_a="0.999938" m_b="0.013543" m_c="-0.018511" m_d="1.366735" m_tx="-4.649000" m_ty="21.350000"/>
   <element name="base" layername="timeline_1" frame="0" z_index="16" m_a="1.117334" m_b="0.000000" m_c="0.000000" m_d="0.927212" m_tx="-8.647530" m_ty="-96.159294"/>
   <element name="door" layername="timeline_2" frame="0" z_index="15" m_a="0.957688" m_b="0.000000" m_c="0.000000" m_d="0.930792" m_tx="-72.243454" m_ty="-89.347275"/>
  </frame>
  <frame idx="50" w="304" h="412" x="-32.304707" y="-129.304214">
   <element name="shadow" layername="timeline_0" frame="0" z_index="17" m_a="0.999938" m_b="0.013543" m_c="-0.018511" m_d="1.366735" m_tx="-4.649000" m_ty="21.350000"/>
   <element name="base" layername="timeline_1" frame="0" z_index="16" m_a="1.107490" m_b="0.000000" m_c="0.000000" m_d="0.935371" m_tx="-9.020212" m_ty="-97.189911"/>
   <element name="door" layername="timeline_2" frame="1" z_index="15" m_a="0.878537" m_b="0.000045" m_c="-0.000048" m_d="0.940235" m_tx="-70.567223" m_ty="-90.250671"/>
  </frame>
  <frame idx="75" w="298" h="422" x="-32.047974" y="-133.014221">
   <element name="shadow" layername="timeline_0" frame="0" z_index="17" m_a="0.999938" m_b="0.013543" m_c="-0.018511" m_d="1.366735" m_tx="-4.649000" m_ty="21.350000"/>
   <element name="base" layername="timeline_1" frame="0" z_index="16" m_a="1.074501" m_b="0.000000" m_c="0.000000" m_d="0.955206" m_tx="-9.197485" m_ty="-99.950516"/>
   <element name="door" layername="timeline_2" frame="1" z_index="15" m_a="0.828418" m_b="0.000097" m_c="-0.000113" m_d="0.960051" m_tx="-68.773529" m_ty="-92.830940"/>
  </frame>
  <frame idx="100" w="299" h="429" x="-32.254745" y="-135.820343">
   <element name="shadow" layername="timeline_0" frame="0" z_index="17" m_a="0.999938" m_b="0.013543" m_c="-0.018511" m_d="1.366735" m_tx="-4.649000" m_ty="21.350000"/>
   <element name="base" layername="timeline_1" frame="0" z_index="16" m_a="1.046880" m_b="0.000000" m_c="0.000000" m_d="0.971817" m_tx="-9.349000" m_ty="-102.299004"/>
   <element name="door" layername="timeline_2" frame="1" z_index="15" m_a="0.786560" m_b="0.000124" m_c="-0.000154" m_d="0.976623" m_tx="-67.273491" m_ty="-95.025543"/>
  </frame>
  <frame idx="125" w="299" h="435" x="-32.366592" y="-137.871857">
   <element name="shadow" layername="timeline_0" frame="0" z_index="17" m_a="0.999938" m_b="0.013543" m_c="-0.018511" m_d="1.366735" m_tx="-4.649000" m_ty="21.350000"/>
   <element name="base" layername="timeline_1" frame="0" z_index="16" m_a="1.027726" m_b="0.000000" m_c="0.000000" m_d="0.983329" m_tx="-9.422529" m_ty="-103.879883"/>
   <element name="door" layername="timeline_2" frame="1" z_index="15" m_a="0.757467" m_b="0.000148" m_c="-0.000193" m_d="0.988174" m_tx="-66.239639" m_ty="-96.494415"/>
  </frame>
  <frame idx="150" w="299" h="439" x="-32.446259" y="-139.524841">
   <element name="shadow" layername="timeline_0" frame="0" z_index="17" m_a="0.999938" m_b="0.013543" m_c="-0.018511" m_d="1.366735" m_tx="-4.649000" m_ty="21.350000"/>
   <element name="base" layername="timeline_1" frame="0" z_index="16" m_a="1.013252" m_b="0.000000" m_c="0.000000" m_d="0.992037" m_tx="-9.473243" m_ty="-105.055061"/>
   <element name="door" layername="timeline_2" frame="1" z_index="15" m_a="0.735667" m_b="0.000160" m_c="-0.000217" m_d="0.996758" m_tx="-65.461205" m_ty="-97.604431"/>
  </frame>
  <frame idx="175" w="299" h="442" x="-32.490646" y="-140.275696">
   <element name="shadow" layername="timeline_0" frame="0" z_index="17" m_a="0.999938" m_b="0.013543" m_c="-0.018511" m_d="1.366735" m_tx="-4.649000" m_ty="21.350000"/>
   <element name="base" layername="timeline_1" frame="0" z_index="16" m_a="1.003939" m_b="0.000000" m_c="0.000000" m_d="0.997642" m_tx="-9.499000" m_ty="-105.820213"/>
   <element name="door" layername="timeline_2" frame="1" z_index="15" m_a="0.721732" m_b="0.000295" m_c="-0.000410" m_d="1.002265" m_tx="-64.953964" m_ty="-98.365860"/>
  </frame>
 </anim>
 <anim name="place" root="rotbox" numframes="425" framerate="40">
  <frame idx="0" w="293" h="28" x="-27.051785" y="19.118294">
   <element name="shadow" layername="timeline_0" frame="0" z_index="17" m_a="0.999938" m_b="0.013543" m_c="-0.018511" m_d="1.366735" m_tx="-4.649000" m_ty="21.350000"/>
  </frame>
  <frame idx="25" w="293" h="28" x="-27.051785" y="19.118294">
   <element name="shadow" layername="timeline_0" frame="0" z_index="17" m_a="0.999938" m_b="0.013543" m_c="-0.018511" m_d="1.366735" m_tx="-4.649000" m_ty="21.350000"/>
  </frame>
  <frame idx="50" w="298" h="662" x="-31.958666" y="-306.831726">
   <element name="shadow" layername="timeline_0" frame="0" z_index="17" m_a="0.999938" m_b="0.013543" m_c="-0.018511" m_d="1.366735" m_tx="-4.649000" m_ty="21.350000"/>
   <element name="base" layername="timeline_1" frame="0" z_index="16" m_a="0.391287" m_b="0.000000" m_c="0.000000" m_d="1.124178" m_tx="-7.741425" m_ty="-254.199005"/>
  </frame>
  <frame idx="75" w="299" h="616" x="-32.446964" y="-261.796875">
   <element name="shadow" layername="timeline_0" frame="0" z_index="17" m_a="0.999938" m_b="0.013543" m_c="-0.018511" m_d="1.366735" m_tx="-4.649000" m_ty="21.350000"/>
   <element name="base" layername="timeline_1" frame="0" z_index="16" m_a="0.457727" m_b="0.000000" m_c="0.000000" m_d="1.137855" m_tx="-8.362637" m_ty="-213.199005"/>
  </frame>
  <frame idx="100" w="300" h="533" x="-33.340218" y="-179.733063">
   <element name="shadow" layername="timeline_0" frame="0" z_index="17" m_a="0.999938" m_b="0.013543" m_c="-0.018511" m_d="1.366735" m_tx="-4.649000" m_ty="21.350000"/>
   <element name="base" layername="timeline_1" frame="0" z_index="16" m_a="0.579254" m_b="0.000000" m_c="0.000000" m_d="1.162870" m_tx="-9.499000" m_ty="-138.199005"/>
   <element name="door" layername="timeline_2" frame="2" z_index="15" m_a="0.390656" m_b="0.000000" m_c="0.000000" m_d="1.059400" m_tx="37.250000" m_ty="61.049999"/>
  </frame>
  <frame idx="125" w="312" h="405" x="-34.070847" y="-130.019028">
   <element name="shadow" layername="timeline_0" frame="0" z_index="17" m_a="0.999938" m_b="0.013543" m_c="-0.018511" m_d="1.366735" m_tx="-4.649000" m_ty="21.350000"/>
   <element name="base" layername="timeline_1" frame="0" z_index="16" m_a="1.007957" m_b="0.000000" m_c="0.000000" m_d="0.912369" m_tx="-10.087235" m_ty="-98.346062"/>
   <element name="door" layername="timeline_2" frame="2" z_index="15" m_a="0.505467" m_b="0.000000" m_c="0.000000" m_d="1.033628" m_tx="22.544117" m_ty="56.638233"/>
  </frame>
  <frame idx="150" w="418" h="352" x="-42.985962" y="-109.857918">
   <element name="shadow" layername="timeline_0" frame="0" z_index="17" m_a="0.999938" m_b="0.013543" m_c="-0.018511" m_d="1.366735" m_tx="-4.649000" m_ty="21.350000"/>
   <element name="base" layername="timeline_1" frame="0" z_index="16" m_a="1.180482" m_b="0.000000" m_c="0.000000" m_d="0.809760" m_tx="-10.347485" m_ty="-82.423241"/>
   <element name="door" layername="timeline_2" frame="2" z_index="15" m_a="0.773907" m_b="0.000000" m_c="0.000000" m_d="0.973400" m_tx="-11.840425" m_ty="46.322727"/>
  </frame>
  <frame idx="175" w="511" h="344" x="-50.973679" y="-107.146873">
   <element name="shadow" layername="timeline_0" frame="0" z_index="17" m_a="0.999938" m_b="0.013543" m_c="-0.018511" m_d="1.366735" m_tx="-4.649000" m_ty="21.350000"/>
   <element name="base" layername="timeline_1" frame="0" z_index="16" m_a="1.206314" m_b="0.000000" m_c="0.000000" m_d="0.792112" m_tx="-10.386879" m_ty="-80.167183"/>
   <element name="door" layername="timeline_2" frame="2" z_index="15" m_a="1.016795" m_b="-0.001150" m_c="0.001001" m_d="0.885104" m_tx="-44.688393" m_ty="35.110603"/>
  </frame>
  <frame idx="200" w="507" h="338" x="-50.395142" y="-104.864098">
   <element name="shadow" layername="timeline_0" frame="0" z_index="17" m_a="0.999938" m_b="0.013543" m_c="-0.018511" m_d="1.366735" m_tx="-4.649000" m_ty="21.350000"/>
   <element name="base" layername="timeline_1" frame="0" z_index="16" m_a="1.226640" m_b="0.000000" m_c="0.000000" m_d="0.778229" m_tx="-10.349000" m_ty="-78.348999"/>
   <element name="door" layername="timeline_2" frame="2" z_index="15" m_a="1.021739" m_b="-0.004767" m_c="0.003632" m_d="0.778342" m_tx="-50.749001" m_ty="29.049999"/>
  </frame>
  <frame idx="225" w="515" h="333" x="-50.908253" y="-103.392059">
   <element name="shadow" layername="timeline_0" frame="0" z_index="17" m_a="0.999938" m_b="0.013543" m_c="-0.018511" m_d="1.366735" m_tx="-4.649000" m_ty="21.350000"/>
   <element name="base" layername="timeline_1" frame="0" z_index="16" m_a="1.238464" m_b="0.000000" m_c="0.000000" m_d="0.770150" m_tx="-10.385765" m_ty="-77.356354"/>
   <element name="door" layername="timeline_2" frame="2" z_index="15" m_a="1.041878" m_b="-0.004867" m_c="0.003363" m_d="0.719807" m_tx="-52.219589" m_ty="17.285294"/>
  </frame>
  <frame idx="250" w="493" h="352" x="-49.407772" y="-104.304222">
   <element name="shadow" layername="timeline_0" frame="0" z_index="17" m_a="0.999938" m_b="0.013543" m_c="-0.018511" m_d="1.366735" m_tx="-4.649000" m_ty="21.350000"/>
   <element name="base" layername="timeline_1" frame="0" z_index="16" m_a="1.245319" m_b="0.000000" m_c="0.000000" m_d="0.765467" m_tx="-10.399000" m_ty="-76.756577"/>
   <element name="door" layername="timeline_2" frame="2" z_index="15" m_a="1.032730" m_b="0.149309" m_c="-0.099172" m_d="0.685944" m_tx="-50.477634" m_ty="-3.896107"/>
  </frame>
  <frame idx="275" w="327" h="407" x="-35.103291" y="-118.847275">
   <element name="shadow" layername="timeline_0" frame="0" z_index="17" m_a="0.999938" m_b="0.013543" m_c="-0.018511" m_d="1.366735" m_tx="-4.649000" m_ty="21.350000"/>
   <element name="base" layername="timeline_1" frame="0" z_index="16" m_a="1.191513" m_b="0.000000" m_c="0.000000" m_d="0.847202" m_tx="-9.986879" m_ty="-87.008095"/>
   <element name="door" layername="timeline_2" frame="0" z_index="15" m_a="0.985618" m_b="0.228811" m_c="-0.178055" m_d="0.766983" m_tx="-66.211365" m_ty="11.061864"/>
  </frame>
  <frame idx="300" w="298" h="495" x="-31.669041" y="-158.521667">
   <element name="shadow" layername="timeline_0" frame="0" z_index="17" m_a="0.999938" m_b="0.013543" m_c="-0.018511" m_d="1.366735" m_tx="-4.649000" m_ty="21.350000"/>
   <element name="base" layername="timeline_1" frame="0" z_index="16" m_a="1.014740" m_b="0.000000" m_c="0.000000" m_d="1.108520" m_tx="-8.699000" m_ty="-119.848999"/>
   <element name="door" layername="timeline_2" frame="0" z_index="15" m_a="0.931793" m_b="0.000000" m_c="0.000000" m_d="1.100890" m_tx="-60.283855" m_ty="4.574392"/>
  </frame>
  <frame idx="325" w="298" h="522" x="-31.754509" y="-167.359985">
   <element name="shadow" layername="timeline_0" frame="0" z_index="17" m_a="0.999938" m_b="0.013543" m_c="-0.018511" m_d="1.366735" m_tx="-4.649000" m_ty="21.350000"/>
   <element name="base" layername="timeline_1" frame="0" z_index="16" m_a="0.953638" m_b="0.000000" m_c="0.000000" m_d="1.166145" m_tx="-8.662235" m_ty="-126.834290"/>
   <element name="door" layername="timeline_2" frame="0" z_index="15" m_a="0.888328" m_b="0.000000" m_c="0.000000" m_d="1.162441" m_tx="-58.851292" m_ty="3.568612"/>
  </frame>
  <frame idx="350" w="298" h="518" x="-31.884394" y="-166.141266">
   <element name="shadow" layername="timeline_0" frame="0" z_index="17" m_a="0.999938" m_b="0.013543" m_c="-0.018511" m_d="1.366735" m_tx="-4.649000" m_ty="21.350000"/>
   <element name="base" layername="timeline_1" frame="0" z_index="16" m_a="0.942686" m_b="0.000000" m_c="0.000000" m_d="1.156684" m_tx="-8.770212" m_ty="-125.591423"/>
   <element name="door" layername="timeline_2" frame="0" z_index="15" m_a="0.893248" m_b="0.000000" m_c="0.000000" m_d="1.154758" m_tx="-60.038788" m_ty="3.353441"/>
  </frame>
  <frame idx="375" w="298" h="495" x="-32.039253" y="-158.390411">
   <element name="shadow" layername="timeline_0" frame="0" z_index="17" m_a="0.999938" m_b="0.013543" m_c="-0.018511" m_d="1.366735" m_tx="-4.649000" m_ty="21.350000"/>
   <element name="base" layername="timeline_1" frame="0" z_index="16" m_a="0.959949" m_b="0.000000" m_c="0.000000" m_d="1.109489" m_tx="-8.959606" m_ty="-119.720215"/>
   <element name="door" layername="timeline_2" frame="0" z_index="15" m_a="0.925391" m_b="0.000000" m_c="0.000000" m_d="1.108138" m_tx="-62.700066" m_ty="3.583960"/>
  </frame>
  <frame idx="400" w="299" h="472" x="-32.194099" y="-150.639557">
   <element name="shadow" layername="timeline_0" frame="0" z_index="17" m_a="0.999938" m_b="0.013543" m_c="-0.018511" m_d="1.366735" m_tx="-4.649000" m_ty="21.350000"/>
   <element name="base" layername="timeline_1" frame="0" z_index="16" m_a="0.977219" m_b="0.000000" m_c="0.000000" m_d="1.062300" m_tx="-9.149000" m_ty="-113.848999"/>
   <element name="door" layername="timeline_2" frame="0" z_index="15" m_a="0.957550" m_b="0.000000" m_c="0.000000" m_d="1.061540" m_tx="-65.361320" m_ty="3.816626"/>
  </frame>
 </anim>
</Anims>
