<Anims>
 <anim name="idle" root="altar" numframes="1000" framerate="40">
  <frame idx="0" w="741" h="1747" x="-64.248299" y="-618.968750">
   <element name="symbol0" layername="timeline_0" frame="0" z_index="1" m_a="6.165133" m_b="0.000000" m_c="0.000000" m_d="6.473373" m_tx="2.300314" m_ty="-2.171564"/>
  </frame>
  <frame idx="25" w="741" h="1747" x="-64.248299" y="-618.968750">
   <element name="symbol0" layername="timeline_0" frame="0" z_index="1" m_a="6.165133" m_b="0.000000" m_c="0.000000" m_d="6.473373" m_tx="2.300314" m_ty="-2.171564"/>
  </frame>
  <frame idx="50" w="741" h="1747" x="-64.248299" y="-618.968750">
   <element name="symbol0" layername="timeline_0" frame="0" z_index="1" m_a="6.165133" m_b="0.000000" m_c="0.000000" m_d="6.473373" m_tx="2.300314" m_ty="-2.171564"/>
  </frame>
  <frame idx="75" w="741" h="1747" x="-64.248299" y="-618.968750">
   <element name="symbol0" layername="timeline_0" frame="0" z_index="1" m_a="6.165133" m_b="0.000000" m_c="0.000000" m_d="6.473373" m_tx="2.300314" m_ty="-2.171564"/>
  </frame>
  <frame idx="100" w="741" h="1747" x="-64.248299" y="-618.968750">
   <element name="symbol0" layername="timeline_0" frame="0" z_index="1" m_a="6.165133" m_b="0.000000" m_c="0.000000" m_d="6.473373" m_tx="2.300314" m_ty="-2.171564"/>
  </frame>
  <frame idx="125" w="741" h="1747" x="-64.248299" y="-618.968750">
   <element name="symbol0" layername="timeline_0" frame="0" z_index="1" m_a="6.165133" m_b="0.000000" m_c="0.000000" m_d="6.473373" m_tx="2.300314" m_ty="-2.171564"/>
  </frame>
  <frame idx="150" w="741" h="1747" x="-64.248299" y="-618.968750">
   <element name="symbol0" layername="timeline_0" frame="0" z_index="1" m_a="6.165133" m_b="0.000000" m_c="0.000000" m_d="6.473373" m_tx="2.300314" m_ty="-2.171564"/>
  </frame>
  <frame idx="175" w="741" h="1747" x="-64.248299" y="-618.968750">
   <element name="symbol0" layername="timeline_0" frame="0" z_index="1" m_a="6.165133" m_b="0.000000" m_c="0.000000" m_d="6.473373" m_tx="2.300314" m_ty="-2.171564"/>
  </frame>
  <frame idx="200" w="741" h="1747" x="-64.248299" y="-618.968750">
   <element name="symbol0" layername="timeline_0" frame="0" z_index="1" m_a="6.165133" m_b="0.000000" m_c="0.000000" m_d="6.473373" m_tx="2.300314" m_ty="-2.171564"/>
  </frame>
  <frame idx="225" w="741" h="1747" x="-64.248299" y="-618.968750">
   <element name="symbol0" layername="timeline_0" frame="0" z_index="1" m_a="6.165133" m_b="0.000000" m_c="0.000000" m_d="6.473373" m_tx="2.300314" m_ty="-2.171564"/>
  </frame>
  <frame idx="250" w="741" h="1747" x="-64.248299" y="-618.968750">
   <element name="symbol0" layername="timeline_0" frame="0" z_index="1" m_a="6.165133" m_b="0.000000" m_c="0.000000" m_d="6.473373" m_tx="2.300314" m_ty="-2.171564"/>
  </frame>
  <frame idx="275" w="741" h="1747" x="-64.248299" y="-618.968750">
   <element name="symbol0" layername="timeline_0" frame="0" z_index="1" m_a="6.165133" m_b="0.000000" m_c="0.000000" m_d="6.473373" m_tx="2.300314" m_ty="-2.171564"/>
  </frame>
  <frame idx="300" w="741" h="1747" x="-64.248299" y="-618.968750">
   <element name="symbol0" layername="timeline_0" frame="0" z_index="1" m_a="6.165133" m_b="0.000000" m_c="0.000000" m_d="6.473373" m_tx="2.300314" m_ty="-2.171564"/>
  </frame>
  <frame idx="325" w="741" h="1747" x="-64.248299" y="-618.968750">
   <element name="symbol0" layername="timeline_0" frame="0" z_index="1" m_a="6.165133" m_b="0.000000" m_c="0.000000" m_d="6.473373" m_tx="2.300314" m_ty="-2.171564"/>
  </frame>
  <frame idx="350" w="741" h="1747" x="-64.248299" y="-618.968750">
   <element name="symbol0" layername="timeline_0" frame="0" z_index="1" m_a="6.165133" m_b="0.000000" m_c="0.000000" m_d="6.473373" m_tx="2.300314" m_ty="-2.171564"/>
  </frame>
  <frame idx="375" w="741" h="1747" x="-64.248299" y="-618.968750">
   <element name="symbol0" layername="timeline_0" frame="0" z_index="1" m_a="6.165133" m_b="0.000000" m_c="0.000000" m_d="6.473373" m_tx="2.300314" m_ty="-2.171564"/>
  </frame>
  <frame idx="400" w="741" h="1747" x="-64.248299" y="-618.968750">
   <element name="symbol0" layername="timeline_0" frame="0" z_index="1" m_a="6.165133" m_b="0.000000" m_c="0.000000" m_d="6.473373" m_tx="2.300314" m_ty="-2.171564"/>
  </frame>
  <frame idx="425" w="741" h="1747" x="-64.248299" y="-618.968750">
   <element name="symbol0" layername="timeline_0" frame="0" z_index="1" m_a="6.165133" m_b="0.000000" m_c="0.000000" m_d="6.473373" m_tx="2.300314" m_ty="-2.171564"/>
  </frame>
  <frame idx="450" w="741" h="1747" x="-64.248299" y="-618.968750">
   <element name="symbol0" layername="timeline_0" frame="0" z_index="1" m_a="6.165133" m_b="0.000000" m_c="0.000000" m_d="6.473373" m_tx="2.300314" m_ty="-2.171564"/>
  </frame>
  <frame idx="475" w="741" h="1747" x="-64.248299" y="-618.968750">
   <element name="symbol0" layername="timeline_0" frame="0" z_index="1" m_a="6.165133" m_b="0.000000" m_c="0.000000" m_d="6.473373" m_tx="2.300314" m_ty="-2.171564"/>
  </frame>
  <frame idx="500" w="741" h="1747" x="-64.248299" y="-618.968750">
   <element name="symbol0" layername="timeline_0" frame="0" z_index="1" m_a="6.165133" m_b="0.000000" m_c="0.000000" m_d="6.473373" m_tx="2.300314" m_ty="-2.171564"/>
  </frame>
  <frame idx="525" w="741" h="1747" x="-64.248299" y="-618.968750">
   <element name="symbol0" layername="timeline_0" frame="0" z_index="1" m_a="6.165133" m_b="0.000000" m_c="0.000000" m_d="6.473373" m_tx="2.300314" m_ty="-2.171564"/>
  </frame>
  <frame idx="550" w="741" h="1747" x="-64.248299" y="-618.968750">
   <element name="symbol0" layername="timeline_0" frame="0" z_index="1" m_a="6.165133" m_b="0.000000" m_c="0.000000" m_d="6.473373" m_tx="2.300314" m_ty="-2.171564"/>
  </frame>
  <frame idx="575" w="741" h="1747" x="-64.248299" y="-618.968750">
   <element name="symbol0" layername="timeline_0" frame="0" z_index="1" m_a="6.165133" m_b="0.000000" m_c="0.000000" m_d="6.473373" m_tx="2.300314" m_ty="-2.171564"/>
  </frame>
  <frame idx="600" w="741" h="1747" x="-64.248299" y="-618.968750">
   <element name="symbol0" layername="timeline_0" frame="0" z_index="1" m_a="6.165133" m_b="0.000000" m_c="0.000000" m_d="6.473373" m_tx="2.300314" m_ty="-2.171564"/>
  </frame>
  <frame idx="625" w="741" h="1747" x="-64.248299" y="-618.968750">
   <element name="symbol0" layername="timeline_0" frame="0" z_index="1" m_a="6.165133" m_b="0.000000" m_c="0.000000" m_d="6.473373" m_tx="2.300314" m_ty="-2.171564"/>
  </frame>
  <frame idx="650" w="741" h="1747" x="-64.248299" y="-618.968750">
   <element name="symbol0" layername="timeline_0" frame="0" z_index="1" m_a="6.165133" m_b="0.000000" m_c="0.000000" m_d="6.473373" m_tx="2.300314" m_ty="-2.171564"/>
  </frame>
  <frame idx="675" w="741" h="1747" x="-64.248299" y="-618.968750">
   <element name="symbol0" layername="timeline_0" frame="0" z_index="1" m_a="6.165133" m_b="0.000000" m_c="0.000000" m_d="6.473373" m_tx="2.300314" m_ty="-2.171564"/>
  </frame>
  <frame idx="700" w="741" h="1747" x="-64.248299" y="-618.968750">
   <element name="symbol0" layername="timeline_0" frame="0" z_index="1" m_a="6.165133" m_b="0.000000" m_c="0.000000" m_d="6.473373" m_tx="2.300314" m_ty="-2.171564"/>
  </frame>
  <frame idx="725" w="741" h="1747" x="-64.248299" y="-618.968750">
   <element name="symbol0" layername="timeline_0" frame="0" z_index="1" m_a="6.165133" m_b="0.000000" m_c="0.000000" m_d="6.473373" m_tx="2.300314" m_ty="-2.171564"/>
  </frame>
  <frame idx="750" w="741" h="1747" x="-64.248299" y="-618.968750">
   <element name="symbol0" layername="timeline_0" frame="0" z_index="1" m_a="6.165133" m_b="0.000000" m_c="0.000000" m_d="6.473373" m_tx="2.300314" m_ty="-2.171564"/>
  </frame>
  <frame idx="775" w="741" h="1747" x="-64.248299" y="-618.968750">
   <element name="symbol0" layername="timeline_0" frame="0" z_index="1" m_a="6.165133" m_b="0.000000" m_c="0.000000" m_d="6.473373" m_tx="2.300314" m_ty="-2.171564"/>
  </frame>
  <frame idx="800" w="741" h="1747" x="-64.248299" y="-618.968750">
   <element name="symbol0" layername="timeline_0" frame="0" z_index="1" m_a="6.165133" m_b="0.000000" m_c="0.000000" m_d="6.473373" m_tx="2.300314" m_ty="-2.171564"/>
  </frame>
  <frame idx="825" w="741" h="1747" x="-64.248299" y="-618.968750">
   <element name="symbol0" layername="timeline_0" frame="0" z_index="1" m_a="6.165133" m_b="0.000000" m_c="0.000000" m_d="6.473373" m_tx="2.300314" m_ty="-2.171564"/>
  </frame>
  <frame idx="850" w="741" h="1747" x="-64.248299" y="-618.968750">
   <element name="symbol0" layername="timeline_0" frame="0" z_index="1" m_a="6.165133" m_b="0.000000" m_c="0.000000" m_d="6.473373" m_tx="2.300314" m_ty="-2.171564"/>
  </frame>
  <frame idx="875" w="741" h="1747" x="-64.248299" y="-618.968750">
   <element name="symbol0" layername="timeline_0" frame="0" z_index="1" m_a="6.165133" m_b="0.000000" m_c="0.000000" m_d="6.473373" m_tx="2.300314" m_ty="-2.171564"/>
  </frame>
  <frame idx="900" w="741" h="1747" x="-64.248299" y="-618.968750">
   <element name="symbol0" layername="timeline_0" frame="0" z_index="1" m_a="6.165133" m_b="0.000000" m_c="0.000000" m_d="6.473373" m_tx="2.300314" m_ty="-2.171564"/>
  </frame>
  <frame idx="925" w="741" h="1747" x="-64.248299" y="-618.968750">
   <element name="symbol0" layername="timeline_0" frame="0" z_index="1" m_a="6.165133" m_b="0.000000" m_c="0.000000" m_d="6.473373" m_tx="2.300314" m_ty="-2.171564"/>
  </frame>
  <frame idx="950" w="741" h="1747" x="-64.248299" y="-618.968750">
   <element name="symbol0" layername="timeline_0" frame="0" z_index="1" m_a="6.165133" m_b="0.000000" m_c="0.000000" m_d="6.473373" m_tx="2.300314" m_ty="-2.171564"/>
  </frame>
  <frame idx="975" w="741" h="1747" x="-64.248299" y="-618.968750">
   <element name="symbol0" layername="timeline_0" frame="0" z_index="1" m_a="6.165133" m_b="0.000000" m_c="0.000000" m_d="6.473373" m_tx="2.300314" m_ty="-2.171564"/>
  </frame>
 </anim>
</Anims>
